Country,Unit,SUBJECT,Q1-1980,Q2-1980,Q3-1980,Q4-1980,Q1-1981,Q2-1981,Q3-1981,Q4-1981,Q1-1982,Q2-1982,Q3-1982,Q4-1982,Q1-1983,Q2-1983,Q3-1983,Q4-1983,Q1-1984,Q2-1984,Q3-1984,Q4-1984,Q1-1985,Q2-1985,Q3-1985,Q4-1985,Q1-1986,Q2-1986,Q3-1986,Q4-1986,Q1-1987,Q2-1987,Q3-1987,Q4-1987,Q1-1988,Q2-1988,Q3-1988,Q4-1988,Q1-1989,Q2-1989,Q3-1989,Q4-1989,Q1-1990,Q2-1990,Q3-1990,Q4-1990,Q1-1991,Q2-1991,Q3-1991,Q4-1991,Q1-1992,Q2-1992,Q3-1992,Q4-1992,Q1-1993,Q2-1993,Q3-1993,Q4-1993,Q1-1994,Q2-1994,Q3-1994,Q4-1994,Q1-1995,Q2-1995,Q3-1995,Q4-1995,Q1-1996,Q2-1996,Q3-1996,Q4-1996,Q1-1997,Q2-1997,Q3-1997,Q4-1997,Q1-1998,Q2-1998,Q3-1998,Q4-1998,Q1-1999,Q2-1999,Q3-1999,Q4-1999,Q1-2000,Q2-2000,Q3-2000,Q4-2000,Q1-2001,Q2-2001,Q3-2001,Q4-2001,Q1-2002,Q2-2002,Q3-2002,Q4-2002,Q1-2003,Q2-2003,Q3-2003,Q4-2003,Q1-2004,Q2-2004,Q3-2004,Q4-2004,Q1-2005,Q2-2005,Q3-2005,Q4-2005,Q1-2006,Q2-2006,Q3-2006,Q4-2006,Q1-2007,Q2-2007,Q3-2007,Q4-2007,Q1-2008,Q2-2008,Q3-2008,Q4-2008,Q1-2009,Q2-2009,Q3-2009,Q4-2009,Q1-2010,Q2-2010,Q3-2010,Q4-2010,Q1-2011,Q2-2011,Q3-2011,Q4-2011,Q1-2012,Q2-2012,Q3-2012,Q4-2012,Q1-2013,Q2-2013,Q3-2013,Q4-2013,Q1-2014,Q2-2014,Q3-2014,Q4-2014,Q1-2015,Q2-2015,Q3-2015,Q4-2015,Q1-2016,Q2-2016,Q3-2016,Q4-2016,Q1-2017,Q2-2017,Q3-2017,Q4-2017,Q1-2018,Q2-2018,Q3-2018,Q4-2018,Q1-2019,Q2-2019,Q3-2019,Q4-2019,Q1-2020,Q2-2020,Q3-2020,Q4-2020,Q1-2021,Q2-2021,Q3-2021,Q4-2021,Q1-2022,Q2-2022,Q3-2022,Q4-2022,,,,
France,Percentage,PRIVATE CONSUMPTION (VOLUME),1.379831852,0.676773055,1.52957394,1.238806768,0.223490596,2.852315988,2.253793656,2.920904499,3.770959019,3.271106311,3.186221583,2.990008884,2.008541786,0.801496595,0.313912683,-0.348733435,0.239228575,0.848620287,1.488258178,0.28744923,1.228543071,1.325088813,1.667420192,3.488072331,3.025287367,4.189861086,4.160606335,3.215956675,3.312538889,3.045635469,2.646729471,4.320967261,3.341812924,2.545763209,3.74609008,2.724595704,3.6768056,3.528327433,3.34230508,2.915217288,3.090337358,3.135946338,1.988964246,2.194013732,0.956202664,0.651373973,0.641394754,0.430653935,0.734431076,0.821313327,1.306648416,1.491772372,-0.107779104,0.293853265,-0.07005654,-0.23684231,1.209189544,1.42174439,1.79198686,1.880816938,1.93395487,2.657248929,1.599900524,1.080129982,2.667387846,0.686160473,2.68904095,1.61993799,-0.165422305,0.378664905,-0.067028154,2.220666994,3.29527847,4.17424282,4.597767034,4.026001134,3.187439026,2.612528219,3.741777243,4.092308098,4.677913539,4.924416401,2.955513723,2.238741756,2.57889163,2.639359031,2.354290055,2.571175376,2.067195071,1.851041791,2.152223311,2.230356923,1.978073422,1.534077611,1.499152539,1.184941249,1.492729394,1.829536255,1.271266401,2.45364851,2.484408899,2.312077532,2.857032859,2.005682267,2.190194859,2.541587475,2.233031149,2.201724813,2.040597861,2.457198466,3.146318683,2.871177446,1.797246359,0.749257368,-0.069074329,-0.734883244,-0.394097843,0.336186971,0.318650635,1.458971853,1.794870514,1.41747934,1.983372753,2.001045007,2.184813691,0.691951708,0.252717082,-0.900456481,-1.195302888,-0.236409244,-0.309948659,0.285116184,0.063004885,0.652378945,0.609735551,0.986681105,0.59666045,0.845439296,1.149446322,0.889033356,1.864303147,1.522593589,1.414045627,0.993130994,1.658946111,1.392574914,1.143091416,2.127957026,1.294656163,1.628274189,2.280978325,1.397292365,1.40613036,0.92816756,0.677069725,0.908390018,1.36760156,2.08546151,1.845840605,1.831728206,-4.199564132,-15.83748552,-0.810392109,-6.350417396,-0.755743359,13.6123153,1.458741765,7.952716538,6.36483699,5.754807585,0.710859303,-1.112133006,,,,
Italy,Percentage,PRIVATE CONSUMPTION (VOLUME),,,,,,,,,1.592827587,1.333342435,0.152395996,0.68622101,-1.583127878,-0.302652729,-0.047292654,1.166523672,3.609086814,3.485158793,2.849812098,2.064932754,2.644062183,1.780148095,3.426845273,3.703004651,3.353314292,4.706779407,4.251659894,3.883186459,3.785940814,4.15396221,3.077018753,3.570978272,4.351945292,3.192235599,4.044307255,4.585511398,3.872198812,4.119992741,4.205324409,3.743455976,2.672740196,3.210876258,1.342798756,1.128550361,2.703930574,1.781547539,3.564347465,2.957487913,3.11378495,3.534228829,0.506515248,-0.63133306,-3.230314285,-4.449378116,-2.961187292,-1.591648814,0.014732076,1.100024573,1.993865225,3.042144333,2.243486516,1.889787899,1.705134789,0.042513423,1.738995533,1.478302914,0.417067454,1.798078896,1.001505997,3.411062799,4.888901737,4.608190687,4.733414367,3.252632478,2.917250194,2.755647744,2.68139728,2.777967633,2.834893768,2.769843803,2.870473565,2.636012325,2.190045956,2.644382927,2.178421104,1.040243077,0.105080999,-0.588619419,-0.555478636,-0.555874425,0.217459184,0.759364294,0.33946456,0.870814056,1.010279015,0.373645859,1.085671297,1.149351808,0.668773841,1.221596602,0.60863104,1.202925973,2.047560164,1.520231977,2.027432809,1.175096874,0.755957121,1.284067537,1.39916968,1.758232882,1.258371618,0.49866641,-0.082509987,-1.000070019,-1.416876551,-2.031461184,-2.643552815,-2.065768433,-1.251657601,0.073121306,0.851757435,0.883337163,1.319050773,1.212229425,1.108365517,1.090206251,-0.109696677,-1.983880615,-3.351638944,-3.998277754,-4.211940236,-3.307050424,-3.084292472,-2.938284198,-2.114355971,-1.566240372,-0.447223466,0.07144416,0.310175359,0.649758552,1.214499905,2.107032063,2.102573377,2.099372982,1.840867023,1.06057141,0.965327537,0.976629522,1.402392888,1.624575802,1.611654334,1.408462271,1.285994436,1.033981592,0.877128272,0.728424441,-0.025439376,-0.047260374,0.578902008,0.348848784,-7.560103825,-17.68228006,-6.948942143,-9.500933185,-3.492388788,12.97862587,3.256607409,6.933012942,7.914694145,5.667497521,3.740976696,1.571341952,,,,
Netherlands,Percentage,PRIVATE CONSUMPTION (VOLUME),,,,,,,,,,,,,,,,,,,,,,,,,,,,,,,,,,,,,2.057196608,3.425860549,3.606002731,3.52869037,3.780104274,4.479442391,3.551671227,4.342013074,4.269488447,2.347677276,2.149665196,2.104185882,0.928718327,-0.045829025,0.826187088,1.144915049,-1.105627301,2.502114273,1.805380905,0.073397,3.00286413,1.43088495,1.558231559,1.838836189,2.330454382,2.240176004,3.095947037,2.987601368,4.237340128,3.895621767,3.79718413,5.263095264,4.155538612,4.3800178,4.287671816,4.192982198,4.369921876,5.542130828,6.236545925,6.142895671,6.64093078,6.322036911,5.689978551,5.013944098,4.75354567,3.468772637,3.223810591,3.238467983,1.951647781,2.343405963,1.909739145,1.998479542,1.749100039,1.176862952,1.017751808,0.774349787,0.52483513,0.185505497,-0.382962744,-0.678928507,0.772701076,0.517106039,0.810574542,0.668803021,-0.295939545,0.537066177,1.555291415,1.801838943,-0.075213156,0.489394225,-0.281239348,-0.6046752,1.800368299,1.204100887,1.778285247,2.702169369,1.370779362,1.675721952,0.808834778,-0.20270645,-1.17450879,-2.282192257,-2.095547217,-1.972801232,-0.557654359,-0.030203139,0.154920191,0.827758917,0.6707854,0.593499169,-0.036719199,-1.014214634,-0.402606288,-1.026477606,-1.105569961,-2.097271262,-2.271816451,-1.676125227,-0.803549329,0.96347617,0.149439316,0.572538362,0.0788895,0.757287118,2.104017512,2.322285066,2.227535734,1.318901232,0.875944331,0.218201076,1.216014577,2.152480937,1.745669224,2.65670839,2.761993004,1.474805607,2.919982333,2.359778475,1.49010919,1.835234405,0.637444141,0.760207749,0.759926934,1.378900344,-1.236350417,-12.70365392,-5.018508486,-6.452833105,-8.00020942,10.48405786,6.023939657,6.806197925,12.9587631,7.051040599,3.003141315,3.917168472,,,,
Spain,Percentage,PRIVATE CONSUMPTION (VOLUME),,,,,,,,,,,,,,,,,,,,,,,,,,,,,,,,,,,,,,,,,,,,,,,,,,,,,,,,,,,,,,,,,2.031682629,2.370904903,3.019589192,2.376882812,2.830247435,1.542531686,1.421553256,5.50512165,3.38051811,4.776289936,4.895393177,4.570891678,4.597383684,5.21946021,5.68955918,3.726384981,6.706995055,4.549130452,3.965604059,2.632838679,2.815021446,3.976449207,4.398527615,4.303630656,3.589818394,3.227064585,2.532350275,2.970507861,1.760166723,2.115139727,2.62921583,2.945474598,4.453684997,3.934358834,4.0120191,3.838144406,3.436467089,4.79935657,4.212015886,4.081895857,4.35267071,3.591940466,4.026131685,3.974474149,3.77038919,3.508686702,3.188763234,3.121201287,2.293344688,0.564958493,-1.555896258,-4.031018502,-4.997225049,-4.897385339,-2.992207115,-1.393889765,0.214200521,1.338461444,-0.118423382,0.04884989,-1.487697651,-2.784419358,-2.239266616,-3.338480412,-2.347226845,-2.850471654,-4.011602828,-4.087083352,-5.328039589,-3.675004967,-2.109493044,-0.32125553,1.096776344,1.550305071,2.136988124,1.970729645,2.719778408,2.675219331,3.308428383,3.082253886,2.611168895,3.094967646,2.600317789,2.471113792,3.122868709,2.827502538,2.865044248,3.28097025,2.575661966,2.132744215,1.286876725,0.806801114,0.31172918,-0.852847047,2.839514911,2.025300055,-4.280474573,-23.65414338,-10.79954115,-10.39072737,-4.473124904,23.34986646,3.99624488,4.496908013,4.888304184,5.025975748,4.667482811,2.550224693,,,,
United Kingdom,Percentage,PRIVATE CONSUMPTION (VOLUME),4.838619767,-3.599609149,1.117653473,-1.639822092,-1.881214441,0.931869952,0.225373376,1.825206063,-0.008670583,0.611191499,1.898992942,3.151677158,4.553534653,4.842656592,4.964681287,3.929989551,4.086710416,3.292248475,1.118588486,3.088647812,3.350564237,3.53716551,5.698198422,5.255868842,6.809617887,7.86644842,6.766053967,5.901484405,4.727919084,4.9286963,6.863540197,8.39523672,9.32532674,8.667044426,8.586441852,7.410845455,5.356397021,4.824537509,2.61328674,2.653550467,3.11013374,3.518502019,2.611882288,0.870437342,-0.951033732,-3.228929834,-2.458099753,-2.381937338,-1.682303225,1.310357606,2.500073967,3.492806959,4.774958657,3.569312254,4.017290151,4.340423698,4.411597418,3.687876134,2.875616575,2.546731385,1.811315144,2.026231131,2.385442919,1.91566351,2.560202288,2.949862688,1.939594378,4.219932676,4.883756766,5.146403839,6.108836916,4.86027809,4.261971443,4.157101734,4.50265735,3.352176622,3.456293237,4.753387937,4.13095484,4.87831139,5.15659184,4.205402652,4.347215278,4.820588211,3.509311616,3.12711569,3.61806936,3.282574033,3.47127992,3.135233404,2.447310595,2.501934485,3.027543045,3.913747646,3.588494436,3.313449184,3.105478422,2.770296965,2.618302551,3.070712715,3.260625941,2.200088878,3.010843247,2.560128441,1.143168209,1.142622476,0.461931528,0.003049545,1.410595305,2.842539485,4.305439699,3.93548715,3.667388858,1.291910794,-2.511679015,-4.884759576,-5.575734796,-4.671348278,-2.454339613,1.047757449,0.41796064,3.120125341,2.661041922,1.745114866,1.504273271,-1.220150136,-1.018977626,-0.586395882,0.189876614,1.28042096,2.167937801,3.203793313,2.816877745,2.899477455,2.920131057,1.841351949,2.956383055,2.741069435,2.891669573,2.932074147,3.387635385,3.302397964,3.296423096,2.5426198,3.676389315,3.881446333,3.28605144,3.617644481,2.396098012,1.520342172,1.564813412,2.271938295,2.205544228,2.275132581,2.401880181,2.973081673,1.777351432,2.148750049,0.962597416,-0.611907967,-3.153150648,-25.81692472,-11.41466962,-12.2457796,-12.85587559,24.98031856,7.970998599,9.689191249,14.89902817,4.869675285,1.58533011,1.472942961,,,,
France,Millions,Government total capital expenditure,5363,5684,5816,6028,6157,6616,6857,7314,7389,7921,7874,7936,7926,8168,8210,8392,8482,8730,8979,9221,9208,9822,10101,10302,9955,10643,10781,10846,10434,11040,11437,11878,12098,12976,13246,13407,13315,13757,13993,14448,14782,15509,15753,15672,15219,15700,15803,15846,15809,16261,16496,16715,16998,17416,17228,16966,16680,17050,16905,17169,17327,18014,17677,17407,16280,16420,16058,16044,15845,16436,16257,16266,15546,15913,16013,16504,16906,17715,17740,18074,17370,17432,17856,18577,17837,18042,18674,19401,18369,18692,19256,19939,18878,19091,19963,20764,19931,20452,21196,22342,21256,21856,22618,23374,22260,22954,22948,24336,23274,24038,24683,25682,25179,25630,26228,27177,26561,26969,26895,28349,25373,26710,27131,28529,25830,26615,26711,27992,27166,27008,27409,31294,27547,27434,27703,28111,26479,25859,25612,27412,25565,24673,25398,27176,25103,25624,25494,27457,26335,26641,31526,32267,27837,25887,25917,28124,27432,28318,29621,31183,29276,26899,30872,32909,31655,32699,33246,35345,34292,35675,36239,,,,,
Italy,Millions,Government total capital expenditure,,,,,,,,,,,,,,,,,,,,,,,,,,,,,,,,,,,,,,,,,,,,,,,,,,,,,,,,,,,,,,,,,,,,,,,,,,,,,12610,13627,12230,12725,12604,13672,11812,14141,14136,14823,13420,15555,14424,15104,16454,8761,13544,17053,16192,16833,14884,17710,16000,16818,15831,18124,16954,18539,16770,17855,16488,35004,16446,18105,16995,20583,15055,17925,16151,21377,18174,19918,17716,24827,16480,17491,16240,17288,14999,17299,13777,18151,13791,15701,14744,18504,12509,14609,14651,15093,11981,15395,14204,16907,12448,18266,14642,21985,12253,14401,13668,15298,11601,21644,16045,17511,12183,15291,13821,17087,13149,15949,14187,18685,14014,18771,25060,30957,20074,32232,24002,31864,18978,20064,24059,,,,,
Netherlands,Millions,Government total capital expenditure,,,,,,,,,,,,,,,,,,,,,,,,,,,,,,,,,,,,,,,,,,,,,,,,,,,,,,,,,,,,,,,,,,,,,,,,,,,,,3939,4417,4473,5108,4307,4651,4639,5760,5219,5486,5611,6567,5591,5986,5933,6911,5793,6141,6475,7117,5230,5363,5402,6241,4025,4990,5055,7743,5796,5652,5883,6578,6011,5976,6017,6786,6972,7077,6128,7437,7651,7948,8844,8967,7772,8294,7698,8825,7697,7178,7710,7048,6647,7037,7630,6645,7646,6791,6962,6633,6425,6648,6503,6032,6668,6542,6572,6524,6707,6102,6318,7361,6342,5469,6369,6348,6087,6702,6477,7226,7012,6942,7563,7214,7072,7192,8128,8433,7519,7520,7776,10917,8221,9345,10754,,,,,
Spain,Millions,Government total capital expenditure,,,,,,,,,,,,,,,,,,,,,,,,,,,,,,,,,,,,,,,,,,,,,,,,,,,,,,,,,,,,,,,,,,,,,,,,,,,,,6132,7396,7083,10783,6354,7566,8058,11146,7097,8535,8416,12479,7621,8916,10953,13832,8843,10569,9991,13583,9301,10346,11105,19205,9408,11974,12669,17473,10878,12704,14568,18841,13001,15053,14665,21638,14167,15875,16138,20752,15018,16608,16519,21197,14969,15043,14620,17715,12275,12680,11787,17782,9625,13196,11949,47257,9786,9944,9190,10492,6685,6979,7354,12363,6825,8125,9309,12193,6176,7374,6709,10027,7358,6998,6801,10308,8960,8633,7165,12599,9338,8726,8446,10662,11524,9264,8842,14682,13832,9870,14808,21358,9074,10464,10467,,,,,
United Kingdom,Millions,Government total capital expenditure,,,,,,,,,,,,,,,,,,,,,,,,,,,,,,,,,,,,,,,,,,,,,,,,,,,,,,,,,,,,,,,,,,,,,,,,,,,,,7994,4978,5592,5741,8598,4778,5398,6236,8401,6660,7314,8120,9781,6686,8186,8271,12604,7946,8706,8936,12972,8929,9271,10107,16216,15317,10458,12574,15807,10161,10951,11867,18170,8515,11893,12868,23331,11576,31143,23265,29296,12816,15618,20993,24851,12709,16063,15734,23372,11914,13612,14025,21719,21698,12761,14416,18558,12923,14591,14959,22590,13935,15320,16820,23469,16623,16342,15231,21655,16345,17526,15927,24292,18158,18507,18992,25410,18754,19732,20160,27576,19086,21393,19793,27260,20727,23170,,,,,,,,,,,,,
France,Euro,"Hourly Earnings: Private Sector for France, Index 2015=100, Quarterly, Seasonally Adjusted",,,,,,,,,,,,,,,,,,,,,,,,,,,,,,,,,,,,,,,,,,,,,,,,,,,,,,,,,,,,,,,,,60.36246889715,61.11020218304,61.45008094936,61.72198396241,61.51805670262,62.33376574177,62.80959601461,63.08149902766,63.17949104051,63.27478439049,63.84654449041,64.13242454036,64.40162271805,65.11156186613,65.82150101420,66.53144016227,67.44421906694,68.45841784990,68.96551724138,69.67545638945,70.68965517241,70.68965517241,71.29817444219,71.70385395538,72.51521298174,73.12373225152,73.52941176471,74.03651115619,74.13793103448,74.54361054767,75.15212981744,75.65922920892,75.96348884381,76.57200811359,77.28194726166,77.89046653144,78.49898580122,79.00608519270,79.71602434077,80.42596348884,81.44016227181,81.84584178499,82.35294117647,83.16430020284,84.38133874239,84.48275862069,84.88843813387,85.69979716024,86.81541582150,87.01825557809,87.62677484787,88.13387423935,87.11967545639,87.82961460446,88.64097363083,89.45233265720,89.45233265720,90.46653144016,90.77079107505,91.48073022312,92.49492900609,92.90060851927,93.20486815416,93.71196754564,94.01622718053,94.72616632860,95.33468559838,95.94320486815,96.04462474645,96.85598377282,97.46450304260,97.87018255578,98.17444219067,98.37728194726,98.78296146045,98.98580121704,99.49290060852,99.69574036511,100.10141987830,100.70993914807,101.01419878296,101.21703853955,101.52129817444,101.92697768763,102.83975659229,103.04259634888,103.34685598377,103.95537525355,104.66531440162,105.07099391481,105.37525354970,106.28803245436,107.20081135903,106.59229208925,107.40365111562,107.70791075051,108.82352941177,112.37322515213,110.14198782962,111.15618661258,110.95334685598,111.46044624746,111.96754563895,112.77890466531,115.01014198783,114.70588235294,,,,,,
Spain,"Index 2015=100,  Seasonally Adjusted",Labour Compensation: Earnings: All Activities: Hourly for Spain,,,,,15.53836134387,16.25684231520,16.89390759735,17.02523681592,18.21569429876,18.66081930146,19.07998730112,20.03115650022,20.45597743890,21.33879432380,22.39424577847,23.14952021321,23.18690500199,23.92728429873,24.88136593220,25.88989750945,26.17307985741,26.84020137091,27.17259874159,27.78538303483,29.36929236653,29.46572574672,30.28894101880,30.40299583880,31.52297619033,31.88174506934,32.12502256116,32.88398301517,32.77478261229,33.97457778129,34.70067215488,35.22988637870,35.42629482024,36.48227856076,36.90817985960,37.99798654792,39.35478224359,39.09674807330,40.14619080326,40.92530824607,41.41453961081,43.19334993142,43.54348540255,44.48346697276,45.44528333072,45.89075877166,46.89006043912,47.64565093169,48.72355219735,48.97579025422,50.04897962279,50.65330687717,50.80208115181,51.94855308892,52.06491330449,52.63696471280,53.50948314473,53.73548560675,54.67339578356,55.47664194259,56.43683915985,56.66574587801,57.66252763375,58.13111085124,58.06218764747,60.02452345911,59.85396359278,60.35171859431,61.02620139959,60.75948803703,61.36536614443,61.78430035415,61.87509521104,62.95482497846,63.00407918168,63.43759883200,63.67302841059,63.99259028039,64.57379961281,64.99873518015,65.33038765925,66.20144809713,67.43054017331,68.07864242969,68.60455003205,68.73406458254,70.19887918542,70.65136239338,71.84536686960,72.69756894973,73.08365210221,73.01382448109,74.92371853867,74.66719707145,75.21313691776,76.76782345814,77.22525022897,77.01678088962,77.82931451865,78.85196176167,79.85245706851,82.13335926981,82.32498352988,84.17310672095,84.01537216422,85.76814692367,86.70504060938,88.39566377730,89.76003407230,89.09561051334,91.78789069457,91.32041207020,93.82204448964,95.24435789594,95.67529040038,96.02059939899,95.92707123104,97.13807883589,95.09158038558,97.12737616526,97.15669862727,97.61818999314,98.91240758640,99.45887599348,98.66597969756,98.70445644237,98.83378258363,97.20149833499,98.38974663157,98.00827742519,98.91478224500,99.32533541635,98.51393637027,99.51693435892,99.45425797679,98.54253655914,99.58759476787,100.70585862664,99.65819973078,100.16088799157,101.30194360945,98.73716075471,99.99064260394,100.35161560076,98.97617849070,100.54545363688,99.66713687085,101.23767292602,100.87248569216,100.40085020574,101.99159501105,102.20436497475,102.28757979602,103.57450080810,104.20545060078,104.23859821065,106.78668533562,114.21319035848,108.72841395912,108.96996212604,109.05052718203,110.20144815576,108.96635257553,109.89749434462,110.38834801812,110.32980596051,,,,,,
France,"Percent, Seasonally Adjusted",Business Tendency Surveys for Manufacturing: Capacity Utilization: Rate of Capacity Utilization,86.2,85.7,85.0,84.2,83.1,82.7,82.8,82.7,82.1,82.5,82.9,82.9,83.4,83.2,82.5,82.6,82.8,82.8,83.1,83.3,82.5,82.2,83.1,83.2,83.4,83.7,83.3,83.0,83.0,83.2,83.5,84.3,85.0,85.7,85.8,86.4,87.1,87.7,88.2,88.3,88.8,88.7,88.7,88.6,85.6,83.5,83.3,84.8,82.8,82.6,83.3,82.4,81.4,80.9,80.2,80.0,80.4,80.2,82.1,82.8,82.5,82.8,83.6,83.3,82.6,82.7,82.5,79.9,82.2,82.2,83.1,83.1,84.1,83.9,85.7,84.6,84.8,84.3,84.4,85.0,84.9,86.2,87.2,87.0,87.3,86.5,85.5,85.1,84.9,85.9,85.1,84.7,85.1,85.0,84.8,83.9,83.9,83.3,83.8,83.7,83.4,83.8,83.7,82.8,83.8,85.1,86.1,86.3,86.1,86.8,87.1,87.5,86.9,86.2,85.8,83.8,76.4,72.3,73.4,76.7,75.8,78.2,79.5,80.3,81.4,84.0,82.8,83.7,81.8,82.8,82.0,81.1,81.9,81.1,80.9,80.9,81.4,81.6,82.5,81.9,81.5,82.9,82.9,83.2,82.2,83.0,84.1,83.5,84.4,84.4,85.0,85.1,86.0,85.9,86.1,85.5,84.9,85.0,84.6,83.3,82.5,60.0,74.7,78.1,79.3,80.2,82.9,82.0,82.7,82.2,81.7,80.6,,,,
Italy,"Percent, Seasonally Adjusted",Business Tendency Surveys for Manufacturing: Capacity Utilization: Rate of Capacity Utilization,77.7,76.6,70.8,73.0,72.3,73.3,72.7,72.1,72.3,72.6,70.6,70.3,70.6,70.6,70.8,70.5,71.7,73.3,73.3,74.3,73.0,73.2,73.5,73.3,73.8,74.2,74.7,74.8,75.8,75.9,77.1,75.6,77.3,76.0,78.0,77.6,79.4,78.8,80.1,79.5,80.2,79.4,79.3,77.7,76.0,75.6,74.5,74.6,74.3,74.5,73.2,73.3,72.5,72.4,71.7,72.6,72.7,74.3,74.9,76.4,77.5,78.2,78.7,78.5,75.5,75.2,74.4,75.2,74.6,76.5,76.1,77.4,76.6,77.0,75.8,75.8,74.9,75.3,76.0,76.5,77.5,78.3,78.0,78.8,77.7,77.5,76.3,75.8,75.6,75.5,76.2,75.3,76.2,75.0,76.5,75.2,76.4,75.7,76.4,75.7,76.1,75.2,75.7,75.6,76.6,76.6,77.8,77.2,77.9,77.8,78.0,77.2,77.2,75.9,76.4,75.2,69.6,64.3,65.4,65.9,66.9,68.2,71.9,73.2,73.4,74.0,73.5,73.2,72.4,71.9,71.4,70.8,70.2,69.9,73.7,74.1,73.6,73.5,73.7,74.0,74.3,75.5,75.7,76.1,76.5,75.9,76.4,75.8,76.6,76.2,77.5,77.5,78.2,77.8,78.3,77.6,78.3,77.1,77.5,76.8,76.7,#N/A,63.8,73.0,75.1,75.4,77.5,77.8,78.6,78.5,78.5,77.9,,,,
Netherlands,"Percent, Seasonally Adjusted",Business Tendency Surveys for Manufacturing: Capacity Utilization: Rate of Capacity Utilization,83.09440844386,82.29051173765,80.71682459479,78.84362828908,78.20228160366,79.20097874178,78.79837199155,77.71687130924,77.35705433852,76.11428092829,75.82027599543,77.65421732161,78.45431079610,79.08832654017,79.77905088189,80.65917194574,80.49366721463,82.09871398785,82.69512803042,83.73786283114,83.40000000000,84.10000000000,82.80000000000,83.90000000000,84.40000000000,84.10000000000,84.80000000000,83.90000000000,84.40000000000,84.10000000000,83.80000000000,83.90000000000,84.40000000000,84.10000000000,84.90000000000,84.90000000000,85.40000000000,86.10000000000,85.60000000000,86.40000000000,86.10000000000,86.20000000000,85.90000000000,85.30000000000,84.90000000000,85.30000000000,84.70000000000,83.60000000000,83.90000000000,83.80000000000,84.30000000000,82.90000000000,81.90000000000,81.20000000000,80.60000000000,80.40000000000,81.10000000000,82.50000000000,83.20000000000,84.60000000000,84.20000000000,84.50000000000,85.00000000000,84.20000000000,84.00000000000,83.50000000000,84.10000000000,84.40000000000,84.20000000000,83.80000000000,84.70000000000,85.10000000000,85.20000000000,85.70000000000,85.40000000000,84.80000000000,84.00000000000,84.10000000000,83.90000000000,84.20000000000,84.80000000000,84.70000000000,84.00000000000,84.60000000000,85.10000000000,84.70000000000,84.60000000000,83.60000000000,83.60000000000,83.00000000000,82.70000000000,82.80000000000,82.60000000000,81.90000000000,81.00000000000,81.30000000000,82.50000000000,82.90000000000,82.90000000000,82.30000000000,82.40000000000,81.90000000000,81.50000000000,82.00000000000,81.70000000000,82.10000000000,82.80000000000,83.20000000000,83.60000000000,83.40000000000,83.30000000000,83.90000000000,83.60000000000,83.40000000000,83.10000000000,82.90000000000,77.00000000000,74.40000000000,75.70000000000,77.40000000000,77.60000000000,78.70000000000,79.90000000000,80.50000000000,80.20000000000,80.40000000000,80.30000000000,79.30000000000,79.30000000000,78.00000000000,78.50000000000,77.80000000000,76.90000000000,75.50000000000,77.10000000000,78.30000000000,79.90000000000,80.20000000000,79.40000000000,80.20000000000,80.80000000000,81.80000000000,82.00000000000,82.20000000000,81.60000000000,81.50000000000,81.40000000000,82.10000000000,81.70000000000,82.80000000000,83.10000000000,83.20000000000,83.90000000000,83.60000000000,84.20000000000,84.00000000000,84.30000000000,84.30000000000,84.00000000000,83.90000000000,83.10000000000,74.20000000000,76.60000000000,79.10000000000,80.40000000000,81.70000000000,83.80000000000,83.70000000000,84.00000000000,84.20000000000,83.90000000000,82.60000000000,,,,
Spain,"Percent, Seasonally Adjusted",Business Tendency Surveys for Manufacturing: Capacity Utilization: Rate of Capacity Utilization,79.12,78.95,78.65,78.28,79.16,78.88,77.69,79.27,79.17,79.85,81.76,79.16,79.21,80.92,77.74,78.58,78.19,79.08,78.75,77.88,78.20,77.30,77.67,77.76,77.13,78.06,78.62,78.98,79.26,79.20,76.80,78.80,79.40,78.90,80.90,78.70,82.10,80.90,82.40,81.00,81.30,79.60,81.00,80.20,79.20,77.70,77.90,78.10,77.30,75.10,79.50,76.80,74.20,73.10,72.40,73.10,76.80,74.30,76.40,78.30,78.70,78.30,78.10,78.20,77.00,77.00,77.30,76.40,78.20,80.30,80.20,80.20,81.10,82.30,80.90,81.10,80.20,80.10,79.70,81.40,80.10,81.50,80.80,80.60,79.20,81.10,78.70,77.70,77.80,77.20,79.10,80.50,78.40,77.50,79.70,80.40,79.00,79.30,80.60,80.40,79.60,79.60,81.10,81.00,80.10,80.90,80.20,81.70,81.10,81.50,82.20,80.90,80.90,80.10,79.60,76.80,72.70,69.70,68.50,69.70,68.50,71.20,73.10,72.70,72.50,74.00,72.50,72.10,71.60,72.60,71.00,73.00,67.80,75.80,76.70,73.50,75.50,74.90,75.70,76.80,76.70,77.90,78.00,78.00,77.80,78.20,79.00,79.20,77.70,78.30,79.30,79.40,79.40,80.20,79.50,78.50,80.60,80.50,80.90,79.00,79.90,70.00,71.90,75.60,77.00,77.40,77.50,79.20,78.80,80.00,78.90,77.20,,,,
United Kingdom,"Percent, Seasonally Adjusted",Business Tendency Surveys for Manufacturing: Capacity Utilization: Rate of Capacity Utilization,,,,,,,,,,,,,,,,,,,,,82.6,82.5,83.7,83.1,82.7,82.0,82.8,82.9,83.6,83.8,83.5,84.2,85.2,85.8,84.9,85.1,85.4,85.3,84.6,84.0,84.1,83.7,83.3,82.3,80.8,78.7,77.3,77.7,77.0,77.7,78.7,78.3,76.9,80.1,79.9,80.7,82.1,81.4,82.4,82.8,83.9,84.8,83.5,83.1,82.7,81.4,81.6,82.0,82.4,82.8,83.2,84.4,84.4,83.8,82.8,81.6,78.9,78.7,77.7,79.7,81.4,79.6,81.0,80.7,80.8,79.9,78.5,77.4,77.3,78.1,79.4,78.2,77.9,78.1,77.6,77.0,77.6,80.2,81.2,81.0,82.1,78.3,78.7,79.7,79.0,79.7,80.0,79.6,82.2,83.1,81.8,81.6,82.2,82.6,82.4,77.3,72.8,70.0,71.6,74.3,74.3,76.8,77.3,79.3,79.2,82.2,80.2,82.4,82.9,80.3,80.4,80.2,81.2,79.7,77.9,81.1,81.2,81.0,84.2,81.7,83.0,83.6,82.6,80.4,79.7,79.3,81.0,80.5,81.3,83.0,82.5,84.7,81.4,83.3,82.2,80.1,81.4,80.7,78.8,81.1,79.6,57.7,63.8,70.5,74.9,,,,,,,,,,,
France,"Euros, Seasonally Adjusted",Private Final Consumption Expenditure,157366800000.000,155557800000.000,156695800000.000,157824400000.000,157718500000.000,159994800000.000,160227400000.000,162434300000.000,163666000000.000,165228400000.000,165332600000.000,167291100000.000,166953300000.000,166552700000.000,165851600000.000,166707700000.000,167352700000.000,167966100000.000,168319900000.000,167186900000.000,169408700000.000,170191800000.000,171126500000.000,173018500000.000,174533800000.000,177322600000.000,178246400000.000,178582700000.000,180315300000.000,182723200000.000,182964100000.000,186299200000.000,186341100000.000,187374900000.000,189818100000.000,191375100000.000,193192500000.000,193986100000.000,196162400000.000,196954100000.000,199162800000.000,200069400000.000,200064000000.000,201275300000.000,201067200000.000,201372600000.000,201347200000.000,202142100000.000,202543900000.000,203026500000.000,203978100000.000,205157600000.000,202325600000.000,203623100000.000,203835200000.000,204671700000.000,204772100000.000,206518100000.000,207487900000.000,208521200000.000,208732300000.000,212005800000.000,210807500000.000,210773500000.000,214300000000.000,213460500000.000,216476200000.000,214187900000.000,213945500000.000,214268800000.000,216331100000.000,218944300000.000,220995600000.000,223212900000.000,226277500000.000,227759000000.000,228039700000.000,229044400000.000,234744300000.000,237079600000.000,238707200000.000,240323500000.000,241682200000.000,242387200000.000,244863200000.000,246666500000.000,247372100000.000,248619400000.000,249925000000.000,251232400000.000,252696100000.000,254164500000.000,254868700000.000,255086500000.000,256484400000.000,257176200000.000,258673200000.000,259753400000.000,259745000000.000,263486400000.000,265099700000.000,265759100000.000,267166000000.000,268771100000.000,270905900000.000,272513600000.000,273131900000.000,274688700000.000,276434000000.000,279209800000.000,281725500000.000,282575500000.000,281402200000.000,281301800000.000,281530900000.000,280498900000.000,280293200000.000,282247500000.000,282428000000.000,284591300000.000,285324100000.000,286248300000.000,288029600000.000,290286100000.000,291557900000.000,288229000000.000,288757500000.000,287672200000.000,288072900000.000,287547600000.000,287862500000.000,288492400000.000,288254400000.000,289423500000.000,289617700000.000,291338900000.000,289974300000.000,291870400000.000,292946700000.000,293929000000.000,295380300000.000,296314400000.000,297089100000.000,296848100000.000,300280500000.000,300440800000.000,300485100000.000,303164900000.000,304168100000.000,305332800000.000,307339100000.000,307401000000.000,308445100000.000,308166800000.000,309420000000.000,310193400000.000,312663400000.000,314593500000.000,315131400000.000,315875300000.000,299532900000.000,264769800000.000,312577600000.000,295815900000.000,297269200000.000,300811100000.000,317137300000.000,319341300000.000,316189900000.000,318122200000.000,319391700000.000,315789800000.000,,,,
Italy,"Euros, Seasonally Adjusted",Private Final Consumption Expenditure,,,,,,,,,,,,,,,,,,,,,,,,,,,,,,,,,,,,,,,,,,,,,,,,,,,,,,,,,,,,,,,,,222045600000.000,221983600000.000,221385100000.000,223243800000.000,224269400000.000,229555600000.000,232208400000.000,233531300000.000,234885000000.000,237022200000.000,238982500000.000,239966600000.000,241183200000.000,243606600000.000,245757400000.000,246613300000.000,248106300000.000,250028100000.000,251139600000.000,253134700000.000,253511100000.000,252629000000.000,251403500000.000,251644700000.000,252102900000.000,251224700000.000,251950200000.000,253555600000.000,252958700000.000,253412400000.000,254495600000.000,254503000000.000,255705000000.000,256325000000.000,256197600000.000,257612000000.000,257261300000.000,259408400000.000,261443400000.000,261528300000.000,262477100000.000,262456700000.000,263419800000.000,264886500000.000,266149600000.000,267071300000.000,266734600000.000,266207400000.000,265930000000.000,264400400000.000,262955300000.000,260799500000.000,258900000000.000,258938500000.000,259664000000.000,260990200000.000,261105200000.000,261225800000.000,263089100000.000,264154000000.000,263999200000.000,264073700000.000,262800500000.000,258913500000.000,255150900000.000,253515300000.000,251731500000.000,250351100000.000,247281300000.000,246066300000.000,246409000000.000,246430000000.000,246175400000.000,246242100000.000,247173300000.000,248031200000.000,249165200000.000,251430500000.000,252370300000.000,253238300000.000,253752000000.000,254097100000.000,254806500000.000,255711500000.000,257310600000.000,258225100000.000,258913100000.000,259313100000.000,260619600000.000,260895100000.000,261184100000.000,261202000000.000,260623400000.000,260788400000.000,262851700000.000,261863900000.000,240212300000.000,214517800000.000,244468500000.000,237661800000.000,233981500000.000,243891700000.000,253822200000.000,253383400000.000,250335500000.000,256491400000.000,262903200000.000,,,,,
Netherlands,"Euros, Seasonally Adjusted",Private Final Consumption Expenditure,,,,,,,,,,,,,,,,,,,,,,,,,,,,,,,,,,,,,,,,,,,,,,,,,,,,,,,,,,,,,39677930000.00000,40227870000.00000,40968650000.00000,41337780000.00000,42204370000.00000,42733440000.00000,43281670000.00000,44176790000.00000,44733790000.00000,45489100000.00000,46280770000.00000,47246020000.00000,47936420000.00000,48956390000.00000,49993810000.00000,50659660000.00000,51913040000.00000,52854580000.00000,53864610000.00000,54371130000.00000,56087460000.00000,56449370000.00000,57082590000.00000,57870150000.00000,58775340000.00000,59633160000.00000,60011990000.00000,61201610000.00000,61779330000.00000,62375670000.00000,62960570000.00000,63562950000.00000,63775960000.00000,63809790000.00000,64082010000.00000,64524660000.00000,65003290000.00000,65304520000.00000,65637980000.00000,65660180000.00000,65954410000.00000,66761190000.00000,67821990000.00000,68310190000.00000,67992580000.00000,68974700000.00000,69481830000.00000,69398500000.00000,70554540000.00000,71154450000.00000,71959880000.00000,73110610000.00000,73464250000.00000,74260260000.00000,74278030000.00000,73390490000.00000,71948120000.00000,70813480000.00000,71276420000.00000,71451540000.00000,71873540000.00000,72055050000.00000,72885970000.00000,73680170000.00000,73802890000.00000,74292530000.00000,74354800000.00000,74346980000.00000,74543730000.00000,74365540000.00000,74211660000.00000,74025310000.00000,74753980000.00000,74820720000.00000,75292850000.00000,75538680000.00000,75704540000.00000,75900280000.00000,75993880000.00000,76625440000.00000,76523350000.00000,77818370000.00000,78223890000.00000,78227460000.00000,78139740000.00000,78454420000.00000,79148080000.00000,80335400000.00000,80663490000.00000,81450310000.00000,82641530000.00000,82539180000.00000,84484070000.00000,85126960000.00000,85852800000.00000,86140420000.00000,87302310000.00000,88065220000.00000,88814850000.00000,89385420000.00000,87516060000.00000,78007510000.00000,85304250000.00000,84634170000.00000,82749670000.00000,89063440000.00000,93389540000.00000,94300830000.00000,98543990000.00000,101518170000.000,104806650000.000,109753810000.000,,,,
Spain,"Euros, Seasonally Adjusted",Private Final Consumption Expenditure,,,,,,,,,,,,,,,,,,,,,,,,,,,,,,,,,,,,,,,,,,,,,,,,,,,,,,,,,,,,,110155000000.000,111139000000.000,111439000000.000,112332000000.000,112393000000.000,113774000000.000,114804000000.000,115002000000.000,115574000000.000,115529000000.000,116436000000.000,121333000000.000,119481000000.000,121047000000.000,122136000000.000,126879000000.000,124974000000.000,127365000000.000,129085000000.000,131607000000.000,133356000000.000,133159000000.000,134204000000.000,135072000000.000,137110000000.000,138454000000.000,140107000000.000,140885000000.000,142032000000.000,142922000000.000,143655000000.000,145070000000.000,144532000000.000,145945000000.000,147432000000.000,149343000000.000,150969000000.000,151687000000.000,153347000000.000,155075000000.000,156157000000.000,158967000000.000,159806000000.000,161405000000.000,162954000000.000,164677000000.000,166240000000.000,167820000000.000,169098000000.000,170455000000.000,171541000000.000,173058000000.000,172976000000.000,171418000000.000,168872000000.000,166082000000.000,164332000000.000,163023000000.000,163819000000.000,163767000000.000,164684000000.000,165205000000.000,163625000000.000,163847000000.000,162234000000.000,160605000000.000,159961000000.000,158377000000.000,158426000000.000,156027000000.000,153544000000.000,151904000000.000,149985000000.000,150293000000.000,150305000000.000,151416000000.000,151630000000.000,152623000000.000,153517000000.000,154400000000.000,155754000000.000,156706000000.000,158596000000.000,159159000000.000,159821000000.000,161556000000.000,162720000000.000,163092000000.000,164812000000.000,166124000000.000,167382000000.000,168443000000.000,169057000000.000,169667000000.000,169536000000.000,169802000000.000,169584000000.000,168220000000.000,174350000000.000,173241000000.000,162325000000.000,128429000000.000,155521000000.000,155240000000.000,155064000000.000,158417000000.000,161736000000.000,162221000000.000,162644000000.000,166379000000.000,169285000000.000,166358000000.000,,,,
United Kingdom,"British Pounds, Seasonally Adjusted",Private Final Consumption Expenditure,,,,,,,,,,,,,,,,,,,,,,,,,,,,,,,,,,,,,,,,,,,,,,,,,,,,,,,,,,,,,202484000000,202823000000,205610000000,205572000000,207668000000,208806000000,209598000000,214247000000,217810000000,219552000000,222402000000,224660000000,227093000000,228679000000,232416000000,232191000000,234942000000,239549000000,242017000000,243518000000,247057000000,249623000000,252538000000,255257000000,255727000000,257429000000,261675000000,263636000000,264604000000,265500000000,268079000000,270232000000,272615000000,275891000000,277699000000,279186000000,281081000000,283534000000,284970000000,287759000000,290246000000,289772000000,293550000000,295126000000,293564000000,293083000000,294906000000,295135000000,297705000000,301414000000,307603000000,306750000000,308623000000,305308000000,299877000000,291766000000,291415000000,291046000000,292517000000,294823000000,292633000000,300127000000,300301000000,299968000000,297035000000,296465000000,297241000000,298209000000,297599000000,300261000000,303685000000,307763000000,305982000000,308967000000,312553000000,313430000000,315028000000,317436000000,321591000000,322620000000,325700000000,327919000000,332192000000,330823000000,337674000000,340647000000,343108000000,342791000000,345765000000,345826000000,348477000000,350579000000,353391000000,353694000000,356847000000,361002000000,359672000000,361294000000,360282000000,358793000000,348331000000,268019000000,319157000000,314856000000,303550000000,334971000000,344597000000,345363000000,348776000000,351283000000,350060000000,350450000000,,,,
France,Average of observations through period ,Unit Labour Cost (based on persons),41.7,42.76,46.75,44.19,47.25,47.76,52.06,49.45,53.36,53.75,57.91,54.06,57.48,58.1,62.73,58.93,61.31,62.36,65.06,61.57,64.08,64.33,67.66,63.76,66.33,65.86,68.99,64.54,67.22,66.76,69.94,65.49,67.15,67.06,70.25,66.24,67.74,68,71.15,67.8,69.43,70.37,73.67,70.06,71.89,72.37,75.06,71.99,73.07,73.42,76.33,73.3,75.05,74.89,77.36,74.05,74.51,73.83,76.79,73.7,73.96,74.76,78.02,74.79,75.07,75.83,78.16,75.28,75.13,75.09,77.08,76.69,73.91,74.98,77.1,77.34,74.46,75.82,77.81,77.69,75.06,76.4,78.76,79.18,76.06,78.41,80.6,81.21,78.86,80.75,82.44,83.26,80.8,82.34,84.28,84.67,81.81,82.52,84.78,85.39,83.44,83.7,86.55,87.71,84.42,85.68,87.97,89.51,86.03,87.34,88.83,90.64,88.21,89.32,91.46,94.02,92.32,92.94,94.18,95.92,93.52,94.11,95.01,96.43,93.72,94.88,95.82,98,95.17,97.25,98.21,100.25,97.45,98.49,99.44,100.98,98.29,99.7,99.82,101.5,98.29,99.75,100.18,101.79,98.61,100.15,101.38,102.81,99.7,101.33,101.85,103.27,100.59,102.29,102.76,103.85,100.23,101.25,101.62,103.62,104.34,111.08,105.22,106.35,105.39,106.26,107.42,109.14,109.44,111.07,112.59,115.96,,,,
Italy,Average of observations through period ,Unit Labour Cost (based on persons),,,,,,,,,,,,,,,,,,,,,,,,,,,,,,,,,,,,,,,,,,,,,,,,,,,,,,,,,,,,,,,,,64.4,68.99,67.08,80.72,68.31,71.38,68.92,80.42,65.6,69.61,66.88,81.16,66.99,71.2,68.54,80.94,67.29,70.97,69.16,81.53,68.51,72.44,71.6,85.47,72.6,75.77,73.57,87.58,75.01,79.65,78.15,90.14,77.52,82.18,78.04,93.45,79.98,83.22,78.08,97.59,81.65,86.25,82.02,97.28,82.21,87.06,83,101.83,86.04,90.12,86.72,106.13,91.58,96.11,89.29,107.55,90.98,96.69,89.53,107.15,91.7,96.58,89.85,108.56,93.26,98.02,91.28,110.01,94.36,98.43,91.63,111.44,94.07,98.68,91.77,112.17,95.08,99.85,92.96,112.11,95.24,100.77,93.08,112.67,95.45,99.83,93.69,112.41,95.59,102.96,96.09,114.65,98.34,103.77,96.4,116.25,101.72,109.08,99.18,118,100.87,106.69,99.66,118.22,102.01,109.52,101.4,124.84,,,,
Netherlands,Average of observations through period ,Unit Labour Cost (based on persons),,,,,,,,,,,,,,,,,,,,,,,,,,,,,,,,,,,,,,,,,,,,,,,,,,,,,,,,,,,,,70.01,83.86,72.65,72.48,71.3,83.58,72.26,72.03,72.62,84.27,72.76,72.4,73.09,85.17,74.34,73.47,74.76,86.93,75.56,74.03,76.72,89.01,78.29,76.52,78.38,90.89,80.53,78.9,82.54,95.71,83.24,82.73,83.7,98.99,85.23,84.8,83.94,99.6,84.56,84.28,83.95,99.25,84.23,84.01,82.86,98.98,83.8,86.2,84.92,100.62,84.96,88.33,87.7,103.32,87.49,92.7,93.27,110.79,91.88,95.77,92.14,107.95,90.5,95.76,92.54,108.15,91.78,98.31,95.25,111.1,94.47,100.94,98.26,112.26,95.14,99.19,97.56,111.72,95.27,100.8,96.36,110.16,94.04,99.44,97.19,110.71,95.12,100.74,96.83,110.98,95.78,102.14,99.02,112.24,98.73,104.9,102.72,115.98,100.84,108.54,108.1,130.25,108.14,118.63,113.23,124.28,107.61,116.22,114.02,126.11,113.95,,,,,
Spain,Average of observations through period ,Unit Labour Cost (based on persons),,,,,,,,,,,,,,,,,,,,,,,,,,,,,,,,,,,,,,,,,,,,,,,,,,,,,,,,,,,,,70.89,71.31,71.88,71.58,72.04,72.86,73.58,74.21,74.6,75.26,75.64,75.8,75.65,77.15,77.51,77.9,77.34,78.49,78.69,79.91,79.04,80.83,81.49,82.06,80.87,82.54,82.94,83.95,83.39,85.15,85.74,86.71,85,86.82,87.44,89.13,88.08,89.65,89.82,92.18,90.48,92.35,92.67,95.2,93.59,95.96,95.88,98.19,97.26,99.41,99.26,101.66,103.79,105.52,105.04,107.04,106.62,107.6,105.16,106.91,105.06,107.28,104.09,106.22,103.02,105.51,101.86,105.04,101.54,103.93,99.8,99.67,100.32,101.08,98.39,101.29,98.56,101.42,98.64,101.52,99.21,101.28,97.78,101.74,97.56,100.04,97.03,101.58,98.09,99.89,97.86,101.86,98.87,100.88,100.21,103.83,102.4,105.56,103.29,107.55,109.54,119.83,110.37,115.89,114.9,113.23,111.59,113.86,113.45,113.25,112.41,116.69,,,,
United Kingdom,Average of observations through period ,Unit Labour Cost (based on persons),,,,,,,,,,,,,,,,,,,,,,,,,,,,,,,,,,,,,,,,,,,,,,,,,,,,,,,,,,,,,65.39,65.36,62.54,61.83,66.54,66.08,63.7,63.39,67.77,66.9,65.86,65.93,67.87,67.9,67.34,66.29,70.89,71.32,69.7,69.07,72.64,72.42,71.93,72.66,77.56,75.24,72.75,73.57,77.74,75.56,73.95,74.51,79.08,77.29,76.59,76.85,82.88,80.58,79.22,80.25,85.25,82.67,81.35,81.23,88.18,85.85,83.81,86.24,92.7,89.57,87.76,87.84,95.59,90.25,88.2,89.63,96.88,95.84,91.43,92.71,101.06,96.4,92.15,91.85,101.92,96.75,93.36,92.86,102.94,98.32,94.69,92.64,103.15,99.79,97.42,96.78,106.81,99.17,97.17,95.95,106.17,100.08,97.37,96.38,106.1,102.37,102.13,100.35,109.61,104.39,103.47,102.82,111.34,107.34,106.03,106.17,115.51,112.74,110.88,108.77,124.13,142.07,123.9,,,,,,,,,,,,,
United Kingdom,Average of observations through period ,Unit Labour Cost (based on persons),,,,,,,,,,,,,,,,,,,,,,,,,,,,,,,,,,,,,,,,,,,,,,,,,,,,,,,,,,,,,65.39,65.36,62.54,61.83,66.54,66.08,63.7,63.39,67.77,66.9,65.86,65.93,67.87,67.9,67.34,66.29,70.89,71.32,69.7,69.07,72.64,72.42,71.93,72.66,77.56,75.24,72.75,73.57,77.74,75.56,73.95,74.51,79.08,77.29,76.59,76.85,82.88,80.58,79.22,80.25,85.25,82.67,81.35,81.23,88.18,85.85,83.81,86.24,92.7,89.57,87.76,87.84,95.59,90.25,88.2,89.63,96.88,95.84,91.43,92.71,101.06,96.4,92.15,91.85,101.92,96.75,93.36,92.86,102.94,98.32,94.69,92.64,103.15,99.79,97.42,96.78,106.81,99.17,97.17,95.95,106.17,100.08,97.37,96.38,106.1,102.37,102.13,100.35,109.61,104.39,103.47,102.82,111.34,107.34,106.03,106.17,115.51,112.74,110.88,108.77,124.13,142.07,123.9,,,,,,,,,,,,,
